"drug_name","gene_names","drug_name_lower","alias_asgard"
"Biotin","PCCB;HLCS;MCCC2;ACACB;MCCC1;PC;PCCA;ACACA;CYP1B1;SLC5A6;SLC5A8","biotin","biotin"
"Calcitriol","VDR;HOXA10;CYP24A1;CYP3A4;GC","calcitriol","calcitriol"
"Calcifediol","VDR;CYP27B1;CYP24A1","calcifediol","calcifediol"
"Icosapent","PTGS2;PTGS1;PPARG;PPARD;FFAR1;SLC8A1;FABP7;FADS1;ACSL4;TRPV1;PPARA;ALOX5;ALB","icosapent","icosapent"
"Menadione","GGCX;VKORC1;VKORC1L1;F2;F9;PROC;PROS1;NQO2;NQO1;BGLAP;CYP1A2;CYP2A6;CYP1B1;CYP2B6;CYP2C8;CYP2C9;CYP2C19;CYP2D6;CYP2E1;CYP3A4;CYP3A5;CYP3A7;XDH;AOX1;MTHFR;CYP1A1","menadione","menadione"
"Pravastatin","HMGCR;HDAC2;SLCO1B1;SLCO2B1;ABCB1;SLCO1A2;SLC22A6;SLC22A8;ABCC2;SLC22A11;ABCG2;SLC22A7;SLC16A1;ABCB11;SLCO1B3","pravastatin","pravastatin"
"Betaxolol","ADRB1;ADRB2;CYP2D6;CYP1A2","betaxolol","betaxolol"
"Fluconazole","CYP3A5;CYP3A4;CYP2C9;CYP2C19;ABCB1","fluconazole","fluconazole"
"Troglitazone","PPARG;ESRRG;ESRRA;PPARD;PPARA;GSTP1;ACSL4;SERPINE1;SLC29A1;CYP19A1;CYP1A1;CYP2B6;CYP2C9;CYP3A5;CYP3A7;UGT1A3;UGT1A4;UGT1A6;UGT1A7;UGT1A8;UGT1A9;UGT1A10;UGT2B7;UGT2B15;CYP3A4;CYP2C19;UGT1A1;CYP2C8;ABCB11;SLCO1B1","troglitazone","troglitazone"
"Erythromycin","MLNR;KCNH2;CYP3A5;CYP3A4;CYP3A7;SLCO1B3;ABCB11;ABCB1;SLCO1B1;ABCC2;SLCO1A2","erythromycin","erythromycin"
"Caffeine","ADORA1;ADORA2A;ADORA2B;ADORA3;PDE1B;PDE4D;PDE3B;PDE5A;PDE4B;RYR1;PDE1A;PDE1C;PDE10A;PDE4A;PDE4C;PDE7B;PDE2A;PDE3A;PDE6C;PDE11A;PDE7A;PDE8A;PDE8B;PDE9A;PDE6A;PDE6B;PRKDC;PIK3CD;PIK3CA;PIK3CB;ITPR1;ITPR2;ITPR3;ATM;CYP1A2;CYP3A4;CYP2E1;CYP2C8;CYP2C9;CYP1A1;CYP1B1;CYP2D6;ABCG2","caffeine","caffeine"
"Reserpine","SLC18A2;SLC18A1;BIRC5;CYP3A5;ABCB1;SLC22A1;ABCB11;ABCC2;SLC22A2;SLCO1B1;SLCO2B1","reserpine","reserpine"
"Ticlopidine","P2RY12;CYP2C19;CYP2D6;MPO;CYP2C9;CYP2C8;CYP1A2;CYP2B6;CYP2E1","ticlopidine","ticlopidine"
"Adapalene","RARB;RARG;RXRB;RXRG;RXRA;JUN;TLR2;RARA;GOT1","adapalene","adapalene"
"Glimepiride","KCNJ11;KCNJ1;ABCC8;CYP2C9;ABCB11","glimepiride","glimepiride"
"Lovastatin","HMGCR;ITGAL;HDAC2;CYP3A4;PON3;CYP2C8;UGT1A1;UGT1A3;UGT2B7;CYP2C19;ALB;ABCB1;SLCO1A2;SLCO1B1;ABCC2;ABCB11;SLCO2B1;SLCO1B3","lovastatin","lovastatin"
"Reboxetine","SLC6A2;CYP3A4;CYP2D6;ABCB1","reboxetine","reboxetine"
"Milrinone","PDE3A","milrinone","milrinone"
"Ziprasidone","DRD2;HTR2A;HTR1A;HTR1D;HTR2C;DRD1;DRD5;DRD3;DRD4;HTR1B;HTR1E;HTR6;HTR7;HRH1;ADRA1A;ADRA1B;ADRA2A;ADRA2B;ADRA2C;CHRM1;CHRM2;CHRM3;CHRM4;CHRM5;HTR3A;HTR3B;HTR3C;HTR3D;HTR3E;HTR5A;CYP3A4;AOX1;ALB;ORM1;ABCB1","ziprasidone","ziprasidone"
"Methysergide","HTR2B;HTR2C;HTR2A;HTR1A;HTR7;HTR1B;HTR1F;HTR1E;CYP3A4","methysergide","methysergide"
"Cabergoline","DRD2;HTR2B;DRD3;HTR2A;ADRA2B;HTR1D;DRD4;ADRA2A;HTR1A;ADRA2C;DRD5;DRD1;HTR1B;HTR2C;HTR7;ADRA1A;ADRA1B;ADRA1D;ADRB1;ADRB2;CYP3A4;ABCB1","cabergoline","cabergoline"
"Anagrelide","PDE3A;CYP1A2","anagrelide","anagrelide"
"Metoprolol","ADRB1;ADRB2;ADRB3;CYP3A4;CYP2D6;ALB;SLC22A2","metoprolol","metoprolol"
"Amsacrine","TOP2A;KCNH2;ORM1;ALB;ABCB1","amsacrine","amsacrine"
"Acarbose","MGAM;SI;AMY2A;GAA","acarbose","acarbose"
"Venlafaxine","SLC6A4;SLC6A2;SLC6A3;CYP2D6;CYP3A4;CYP2C9;CYP2C19;ABCB1;ABCG2","venlafaxine","venlafaxine"
"Amcinonide","NR3C1;ANXA1;CYP3A4;CYP3A5","amcinonide","amcinonide"
"Raltitrexed","TYMS;FPGS","raltitrexed","raltitrexed"
"Flucloxacillin","CYP3A4;ABCB11","flucloxacillin","flucloxacillin"
"Gefitinib","EGFR;CYP3A5;CYP1A1;CYP2C9;CYP2C19;CYP3A4;CYP2D6;ALB;ORM1;ABCB1;ABCG2","gefitinib","gefitinib"
"Amitriptyline","SLC6A2;SLC6A4;HTR2A;HTR1A;OPRD1;OPRK1;NTRK1;NTRK2;ADRA1A;ADRA1D;ADRA2A;HRH1;KCNQ2;KCNA1;HRH2;HRH4;SIGMAR1;HTR2C;ADRA1B;HTR7;HTR1D;OPRM1;HTR1B;HTR6;KCNQ3;CHRM1;CHRM2;CHRM3;CHRM4;CHRM5;KCNH2;KCNH6;KCNH7;CYP2D6;CYP1A2;CYP2C19;CYP2C9;CYP3A4;CYP3A5;CYP2B6;CYP2C8;UGT2B10;UGT1A4;GSTA1;GSTA2;GSTM1;GSTM2;GSTM3;GSTM4;GSTM5;GSTP1;GSTT1;GSTT2;GSTT2B;HPGDS;ALB;ORM1;ABCB1","amitriptyline","amitriptyline"
"Floxuridine","TYMS;TYMP;CYP2C9;SERPINA7","floxuridine","floxuridine"
"Tolcapone","COMT;CYP2C9","tolcapone","tolcapone"
"Metformin","ETFDH;PRKAB1;GPD1;SLC22A1;SLC22A2;SLC22A3;SLC47A1;SLC29A4;SLC47A2","metformin","metformin"
"Ipratropium","CHRM3;CHRM1;CHRM2;ALB;ORM1;ORM2;SLC22A5;SLC22A4","ipratropium","ipratropium"
"Diltiazem","CACNA1C;CACNG1;CYP3A4;CYP3A5;CYP3A7;CYP2C19;CYP2D6;CYP2C8;ALB;ORM1;ABCB1","diltiazem","diltiazem"
"Methylergometrine","DRD1;HTR2B;CYP3A4","methylergometrine","methylergometrine"
"Aminoglutethimide","CYP11A1;CYP19A1;CYP3A4;CYP2C19","aminoglutethimide","aminoglutethimide"
"Vinorelbine","TUBB;CYP2D6;CYP3A4","vinorelbine","vinorelbine"
"Clozapine","DRD1;DRD2;DRD3;DRD4;DRD5;HTR1A;HTR1B;HTR1D;HTR1E;HTR2A;HTR3A;HTR2C;HTR6;HTR7;ADRA2C;HRH1;HRH4;ADRA1A;ADRA1B;ADRA2A;ADRA2B;CHRM1;CHRM2;CHRM3;CHRM4;CHRM5;CALY;GSTP1;GABBR1;GABBR2;GABRA1;GABRB1;GABRG1;CYP1A2;CYP2D6;CYP2C9;CYP3A4;CYP2C19;CYP2A6;CYP2C8;FMO3;UGT1A4;CYP1A1;ORM1;ALB;ABCB1;SLC22A1;SLC22A2;SLC22A3","clozapine","clozapine"
"Doxylamine","HRH1;NR1I3;CHRM1;CHRM2;CHRM3;CHRM4;CHRM5;CYP2B;ALB","doxylamine","doxylamine"
"Norepinephrine","ADRA1A;ADRA1B;ADRA1D;ADRA2A;ADRA2B;ADRA2C;ADRB1;ADRB2;ADRB3;PAH;SLC18A2;SLC18A1;SLC6A2;SLC22A2;SLC22A3;SLC22A5;SLC22A1;POU5F1","norepinephrine","norepinephrine"
"Mexiletine","SCN5A;AHR;CYP2B6;CYP2E1;CYP3A4;CYP1A2;CYP2D6","mexiletine","mexiletine"
"Amlodipine","CACNA1C;CACNA1I;CACNA1B;CACNB1;CACNA2D3;CA1;SMPD1;CYP3A4;CYP1A1;CYP2B6;CYP3A5;CYP2C8;CYP2D6;CYP2C19;CYP2C9;ABCB1","amlodipine","amlodipine"
"Digoxin","ATP1A1;CYP11A1;ABCB1;SLCO4C1;ABCB11;SLCO1A2;SLC51A;SLC51B;SLCO1B1","digoxin","digoxin"
"Progesterone","PGR;NR3C2;ESR1;CYP17A1;OPRK1;ORM1;NR3C1;AR;SHBG;ESR2;CYP1A1;CYP1B1;CYP2A6;CYP2D6;CYP2C19;CYP2C9;CYP3A5;CYP3A4;CYP3A7;ABCB1;SLC22A2;SLC22A1;SLC22A3;ABCB11;ABCC1;SLC10A1;SLCO1B1;ABCG2;SLCO1B3","progesterone","progesterone"
"Sorafenib","BRAF;RAF1;FLT4;KDR;FLT1;FLT3;PDGFRB;KIT;FGFR1;RET;CYP3A4;CYP2C9;CYP2C8;CYP3A5;CYP3A7;CYP2B6;CYP1A2;CYP2C19;CYP2D6;UGT1A9;UGT1A1;ABCB1;ABCG2;ABCC4;ABCC2;RALBP1;SLCO1B1","sorafenib","sorafenib"
"Loxapine","HTR2A;DRD2;HTR2C;HTR1A;HTR1B;HTR1D;HTR1E;HTR3A;HTR5A;HTR6;HTR7;ADRA1A;ADRA1B;ADRA2A;ADRA2B;ADRA2C;ADRB1;CHRM1;CHRM2;CHRM3;CHRM4;CHRM5;DRD1;DRD5;DRD3;DRD4;HRH1;HRH2;HRH4;SLC6A4;SLC6A2;SLC6A3","loxapine","loxapine"
"Rosiglitazone","PPARG;ACSL4;PPARA;PPARD;RXRA;RXRB;RXRG;PTGS1;CYP1A2;CYP2D6;CYP3A4;CYP2B6;CYP2E1;CYP2C8;CYP2C9;ALB;SLCO1B1;ABCB11;SLC10A1","rosiglitazone","rosiglitazone"
"Promazine","DRD2;HTR2A;HTR2C;ADRA1A;CHRM1;HRH1;CYP1A2;CYP3A4;CYP2C9;CYP2D6;CYP2C19","promazine","promazine"
"Spironolactone","NR3C2;NR3C1;AR;PGR;ESR1;ESR2;NR1I2;CACNA1C;CACNA1D;CACNA1F;CACNA1S;CACNB1;CACNB2;CACNB3;CACNB4;CACNA1A;CYP11B1;CYP2C8;CYP11B2;ALB;ORM1;ORM2;ABCC2;ABCB1;SLCO1A2;ABCB11","spironolactone","spironolactone"
"Methocarbamol","CA1","methocarbamol","methocarbamol"
"Famciclovir","AOX1","famciclovir","famciclovir"
"Trifluridine","TYMS;TK1;TYMP;ALB;SLC22A6;SLC28A1;SLC29A1;SLC29A2","trifluridine","trifluridine"
"Prochlorperazine","DRD2;HRH1;ADRA1A;ADRA1B;ADRA1D;ADRA2A;ADRA2B;ADRA2C;CYP2D6","prochlorperazine","prochlorperazine"
"Bendroflumethiazide","SLC12A3;KCNMA1;CA1;CA2;CA4;TPMT","bendroflumethiazide","bendroflumethiazide"
"Betamethasone","NR3C1;CYP19A1;CYP3A5;CYP3A7;CYP2A6;CYP1B1;CYP2B6;CYP2C8;CYP2C9;CYP2C19;CYP3A4;ALB;SERPINA6;ABCB1","betamethasone","betamethasone"
"Teniposide","TOP2A;CYP3A5;CYP2C19;CYP2C9;CYP3A4;ABCC6;ABCG2","teniposide","teniposide"
"Epirubicin","TOP2A;UGT2B7;PLA2G4A;ABCC1","epirubicin","epirubicin"
"Droperidol","ADRA1A;DRD2","droperidol","droperidol"
"Prazosin","ADRA1A;ADRA1B;ADRA1D;KCNH2;ADRA2A;ADRA2B;ORM1;SLC22A1;SLC22A3;ABCB1;ABCG2","prazosin","prazosin"
"Acitretin","RXRA;RARA;RARB;RARG;RXRB;RXRG;RBP1;ALB","acitretin","acitretin"
"Fluoxetine","SLC6A4;HTR2C;CHRNA2;CHRNA3;CHRNB4;CKS1B;KCNH2;CYP2B6;CYP3A5;CYP2C9;CYP2D6;CYP2B;CYP1A2;CYP3A4;CYP2C19;ALB;ORM1;ABCB1","fluoxetine","fluoxetine"
"Hexylcaine","SCN5A;SCN10A","hexylcaine","hexylcaine"
"Chlorpromazine","DRD2;DRD1;HTR1A;HTR2A;ADRA1A;ADRA1B;HRH1;KCNH2;DRD5;DRD3;DRD4;HTR2C;HTR2B;ADRA1D;ADRA2A;ADRA2B;ADRA2C;CHRM1;CHRM3;SMPD1;CALM1;ORM1;ORM2;HTR6;HTR7;HRH4;CYP2D6;CYP1A2;CYP2E1;CYP3A4;BCHE;ALB;ABCB1;ABCB11","chlorpromazine","chlorpromazine"
"Celecoxib","PTGS2;CA2;CA3;CDH11;PDPK1;NEU1;CYP3A4;CYP2C9;CYP2D6;CYP2C8;ABCC4;ABCB11;ABCB1;ABCG2","celecoxib","celecoxib"
"Tolmetin","PTGS2;PTGS1;TDO2;MPO;ALB;SLC22A6","tolmetin","tolmetin"
"Cimetidine","HRH2;CYP11B1;CYP2C8;CYP2C9;CYP2E1;FMO3;FMO1;CYP1A2;CYP2D6;CYP2C19;CYP3A4;CYP3A5;ALB;ABCB1;SLC22A2;SLC22A1;SLC22A3;SLC22A5;SLC22A6;SLC22A8;SLC47A1;SLC22A4;SLC22A11;SLC22A7;ABCB11;SLC47A2","cimetidine","cimetidine"
"Triflupromazine","DRD2;DRD1;HTR2B;CHRM1;CHRM2;BCHE;ABCB1","triflupromazine","triflupromazine"
"Dextromethorphan","SIGMAR1;GRIN3A;CHRNA2;SLC6A4;PGRMC1;CHRNA3;CHRNA4;CHRNB4;CHRNB2;CHRNA7;OPRM1;OPRD1;OPRK1;CYBB;CYBA;NCF1;NCF2;NCF4;RAC1;RAC2;SLC6A2;CYP2D6;CYP3A4;CYP3A7;CYP2B6;CYP2C19;CYP2C9;UGT2B4;UGT2B7;UGT2B15;UGT2B17","dextromethorphan","dextromethorphan"
"Albendazole","TUBA1A;TUBB4B;CYP1A1;CYP1A2;CYP3A4;CYP2C19;ABCB1","albendazole","albendazole"
"Carteolol","ADRB2;ADRB1;CYP2D6","carteolol","carteolol"
"Alitretinoin","RARA;RXRA;RARB;RXRB;RARG;RXRG;IGFBP3;PSG5;CYP26C1;CRABP2;CRABP1;ABCB1","alitretinoin","alitretinoin"
"Erlotinib","NR1I2;EGFR;CYP3A4;CYP3A5;CYP1A2;CYP1A1;CYP2D6;CYP2C8;CYP1B1;UGT1A1;ALB;ORM1;ABCG2;ABCB1;SLCO2B1","erlotinib","erlotinib"
"Rofecoxib","PTGS2;ELN;PTGS1;CYP2C8;CYP2C9;CYP3A4;CYP1A2;ABCC4","rofecoxib","rofecoxib"
"Toremifene","ESR1;SHBG;CYP1A1;CYP3A4;ABCB1","toremifene","toremifene"
"Nortriptyline","SLC6A2;SLC6A4;HTR2A;HTR1A;HRH1;ADRA1A;ADRA1D;HTR2C;ADRA1B;ADRA2A;ADRA2B;ADRA2C;ADRB1;ADRB2;ADRB3;DRD2;PGRMC1;SIGMAR1;CHRM1;CHRM2;CHRM3;CHRM4;CHRM5;CYP2D6;CYP3A4;CYP1A2;CYP2C19;CYP3A5;CYP2E1;ALB;ORM1;ABCB1","nortriptyline","nortriptyline"
"Vincristine","TUBB;TUBA4A;CYP3A4;CYP3A5;CYP3A7;ABCB1;ABCC3;SLC22A3;ABCC1;ABCC10;ABCC2;ABCB11;ABCG2;RALBP1;SLCO1B1;SLCO1B3","vincristine","vincristine"
"Amoxapine","SLC6A4;SLC6A2;DRD2;DRD1;ADRA2A;ADRA1A;CHRM1;GABRA1;HTR2A;HTR2C;HTR6;HTR7;DRD3;DRD4;HRH1;ADRA1B;ADRA1D;CHRM2;CHRM3;CHRM4;CHRM5;HTR2B;HTR3A;HTR1A;HTR1B;ADRA2B;ADRA2C;HRH4;GABRA2;GABRA3;GABRA4;GABRA5;GABRA6;GABRB1;GABRB2;GABRB3;GABRD;GABRE;GABRG1;GABRG2;GABRG3;GABRP;GABRQ;SLC6A3;CYP2D6;ORM1","amoxapine","amoxapine"
"Carbamazepine","SCN1A;SCN10A;SCN11A;SCN2A;SCN3A;SCN4A;SCN5A;SCN7A;SCN8A;SCN9A;CHRNA4;NR1I2;CYP3A4;CYP2C8;CYP1A2;CYP2C9;CYP2C19;CYP2B6;CYP3A5;UGT2B7;UGT1A1;UGT1A6;UGT1A7;ABCB1;RALBP1;ABCC2","carbamazepine","carbamazepine"
"Vinblastine","TUBA1A;TUBB;TUBD1;TUBG1;TUBE1;JUN;CYP2D6;CYP3A4;ABCB1;ABCC1;ABCC2;ABCC6;ABCB11;SLCO1B1","vinblastine","vinblastine"
"Clonidine","ADRA2B;ADRA2C;ADRA2A;ADRA1A;ADRA1B;ADRA1D;CYP1A2;CYP3A4;CYP1A1;CYP3A5;CYP2D6;ALB;SLC22A3;SLC22A5;SLC22A4","clonidine","clonidine"
"Voriconazole","FMO1;FMO3;CYP3A5;CYP3A7;CYP2C19;CYP3A4;CYP2C9;CYP2B6;PTGS1","voriconazole","voriconazole"
"Diclofenac","PTGS2;PTGS1;CYP2C9;CYP2C19;CYP1A2;CYP2C8;UGT2B7;CYP3A4;CYP2B6;CYP2C18;CYP2E1;UGT1A3;UGT1A9;UGT2B4;ALOX5;PLA2G2A;TTR;ALB;SLC22A6;ABCC4;ABCC1;SLC22A8;SLC22A11;SLCO1C1;SLCO1B1;ABCB11;SCN4A;ASIC1;KCNQ2;KCNQ3;ABCB1","diclofenac","diclofenac"
"Amiloride","SCNN1A;SCNN1B;SCNN1G;SCNN1D;AOC1;ASIC2;ASIC1;SLC9A1;PLAU;SLC22A2;SLC22A4","amiloride","amiloride"
"Sulindac","PTGS2;PTGS1;AKR1B1;MAPK3;PPARD;PTGDR2;AKR1B10;CYP1A1;ALB;SLC22A6","sulindac","sulindac"
"Chloroquine","GSTA2;TNF;TLR9;HMGB1;GSTM1;ACE2;CYP2C8;CYP3A4;CYP3A5;CYP2D6;CYP1A1;ALB;ORM1;ORM2;ABCB1","chloroquine","chloroquine"
"Bisoprolol","ADRB1;ADRB2;CYP3A4;ABCB1","bisoprolol","bisoprolol"
"Amodiaquine","HNMT;CYP2C8;CYP1A1;CYP1B1;CYP2D6;CYP2C9;ABCB1","amodiaquine","amodiaquine"
"Imatinib","BCR;KIT;RET;NTRK1;CSF1R;PDGFRA;DDR1;ABL1;PDGFRB;DDR2;CYP3A4;CYP3A5;CYP3A7;CYP1A2;CYP2C9;CYP2D6;CYP2C19;CYP2C8;ALB;ORM1;SLC22A1;ABCB1;SLC22A2;ABCG2;ABCA3;ABCB11;ABCC2;ABCC1;SLC22A5;SLCO1B3;ABCC4;SLCO1A2","imatinib","imatinib"
"Testosterone","AR;ESR1;NR3C2;CYP3A4;CYP3A5;CYP3A7;CYP3A43;CYP19A1;MAOA;CYP11A1;CYP1A1;CYP1B1;CYP2A13;CYP2B6;CYP2C19;CYP2C9;CYP2C8;ALB;SHBG;SLC22A8;SLC22A7;SLC10A1;ABCG2;SLCO1B3","testosterone","testosterone"
"Guanabenz","ADRA2A;ADRA2B;CYP1A2","guanabenz","guanabenz"
"Clofarabine","POLA1;RRM1;DCK;ABCG2","clofarabine","clofarabine"
"Clofibrate","PPARA;CYP1A1;CYP4A11;CYP3A4;GSTA2;CYP2E1;SERPINA7","clofibrate","clofibrate"
"Simvastatin","HMGCR;ITGAL;HDAC2;CYP3A4;CYP3A5;CYP2C8;CYP2C9;CYP2D6;CYP2B6;UGT1A1;UGT1A3;UGT2B7;CYP2C19;CES2;CES1;ABCB1;SLCO1A2;SLCO1B1;ABCC2;ABCB11;SLCO2B1;SLCO1B3","simvastatin","simvastatin"
"Mebendazole","TUBA1A;TUBB4B;CYP1A1;CYP3A4;CYP3A43;CYP3A5;CYP3A7","mebendazole","mebendazole"
"Mitotane","CYP11B1;ESR1;PGR;AR;FDX1;CYP3A4;SERPINA7;SHBG;SERPINA6;ABCB1","mitotane","mitotane"
"Estrone","ESR1;ESR2;AR;CYP19A1;SHBG;CYP3A4;CYP1B1;CYP2B6;CYP2C9;CYP2E1;CYP3A5;CYP1A2;CYP1A1;ALB;SLCO2B1;ABCB1;SLCO1A2;ABCG2;SLCO1B1;SLC22A8","estrone","estrone"
"Trazodone","HTR2A;HTR2C;SLC6A4;HTR1A;HRH1;ADRA1A;ADRA2A;CYP3A4;CYP3A5;CYP3A7;CYP2D6;ABCB1","trazodone","trazodone"
"Verapamil","CACNA1C;CACNA1B;CACNA1A;KCNJ11;CACNA1G;CACNA1H;KCNH2;SLC6A4;ADRA1A;ADRA1B;ADRA1D;CACNG1;CACNG2;CACNG3;CACNG4;CACNG5;CACNG6;CACNG7;CACNG8;CACNA2D1;CACNA2D2;CACNA2D3;CACNA2D4;CACNA1D;CACNA1F;CACNA1S;CACNB1;CACNB2;CACNB3;CACNB4;CACNA1E;CACNA1I;ABCB1;CYP3A4;CYP1A2;CYP2C8;CYP2C9;CYP2C18;CYP3A5;CYP2B6;CYP2C19;CYP2D6;CYP2E1;ALB;ORM1;SLC22A1;SLC22A4;SLC22A5;ABCC3;SLCO1B1;SLCO1A2;ABCC1;ABCC4;ABCC10;SLC47A1;SLC47A2","verapamil","verapamil"
"Trimethobenzamide","DRD2","trimethobenzamide","trimethobenzamide"
"Nilutamide","AR;CYP2C19;POR","nilutamide","nilutamide"
"Tamoxifen","ESR1;ESR2;PRKCA;PRKCB;PRKCD;PRKCE;PRKCG;PRKCI;PRKCQ;PRKCZ;SHBG;EBP;AR;KCNH2;NR1I2;ESRRG;MAPK8;CYP2D6;CYP3A4;CYP3A5;CYP3A7;CYP2C9;CYP2C19;CYP2B6;CYP1A1;CYP1B1;FMO1;FMO3;CYP2C8;CES1;CYP19A1;CYP2A6;CYP2E1;UGT1A10;SULT1A1;SULT2A1;CYP1A2;UGT2B7;UGT2B17;SULT1E1;ALB;SERPINA7;ABCB1;ABCG2;ABCC2;ABCB11;ABCA1","tamoxifen","tamoxifen"
"Phentolamine","ADRA1A;ADRA1B;ADRA1D;ADRA2A;ADRA2B;ADRA2C;KCNJ11","phentolamine","phentolamine"
"Eplerenone","NR3C2;CYP11B2;CYP3A4;CYP3A5","eplerenone","eplerenone"
"Naltrexone","OPRM1;OPRK1;OPRD1;SIGMAR1;UGT1A1","naltrexone","naltrexone"
"Norethisterone","PGR;AR;NR3C1;CYP3A4;AKR1C4;HSD3B2;SRD5A1;SRD5A2;SRD5A3;AKR1D1;CYP2C19;CYP1A2;CYP2A6;ALB;SHBG;ABCB1","norethisterone","norethisterone"
"Imiquimod","TLR7;TLR8;CYP3A4","imiquimod","imiquimod"
"Risperidone","HTR2A;DRD2;ADRA1B;ADRA2B;ADRA1A;ADRA2C;HRH1;HTR2C;HTR1D;HTR1A;HTR7;DRD1;CYP2D6;CYP3A4;ALB;ORM1;ABCB1","risperidone","risperidone"
"Naftifine","SQLE","naftifine","naftifine"
"Meclizine","HRH1;NR1I3;CYP2D6;ALB","meclizine","meclizine"
"Riluzole","SCN5A;SLC7A11;CYP1A1;CYP1A2;ABCG2","riluzole","riluzole"
"Hydrocortisone","NR3C1;ANXA1;CYP3A4;CYP3A5;CYP3A7;CYP11B1;CYP11B2;CYP2C8;AKR1D1;SRD5A2;HSD11B2;HSD11B1;CYP2A6;CYP1B1;CYP2B6;CYP2C9;CYP2C19;SHBG;SERPINA6;ABCB1;SLCO1A2;SLC22A8","hydrocortisone","hydrocortisone"
"Scopolamine","CHRM1;CHRM2;CHRM3;CHRM4;CHRM5;CHRNA4;CHRNB2;SI;CYP3A4","scopolamine","scopolamine"
"Etodolac","PTGS2;PTGS1;RXRA;UGT1A3;UGT1A10;UGT2B7;CYP2C9;UGT1A9;ALB;SLC22A6","etodolac","etodolac"
"Tranylcypromine","MAOB;MAOA;CYP2D6;CYP2C9;CYP2C19;CYP1A2;CYP2A6;CYP3A4","tranylcypromine","tranylcypromine"
"Tretinoin","RARA;RARB;RARG;RXRA;RXRB;RXRG;CRABP1;RARRES1;ALDH1A1;ALDH1A2;GPRC5A;LCN1;OBP2A;RBP4;PDK4;CYP3A4;CYP3A5;CYP3A7;CYP2B6;CYP2C8;CYP2C9;CYP2A6;CYP2C18;CYP1A1;CYP4A11;UGT2B7;CYP2E1;CYP26A1;ALB;CRABP2","tretinoin","tretinoin"
"Hexachlorophene","SDHD;GLUD1;ESR1","hexachlorophene","hexachlorophene"
"Irinotecan","TOP1MT;TOP1;CYP3A4;CYP3A5;CYP2B6;CYP3A7;UGT1A1;UGT1A9;CES1;CES2;BCHE;ALB;SLC22A3;SLCO1B1;ABCC1;ABCG2;ABCB1;ABCC2","irinotecan","irinotecan"
"Etoposide","TOP2A;TOP2B;CYP1A2;CYP2E1;CYP3A5;UGT1A1;GSTT1;GSTP1;PTGS2;PTGS1;CYP3A4;ABCC3;ABCC6;ABCB1;ABCC1;ABCC10;ABCC2;ABCG2","etoposide","etoposide"
"Estradiol","ESR1;ESR2;NR1I2;CHRNA4;GPER1;MT-ATP6;BECN1;CYP3A4;CYP1A2;CYP3A5;CYP3A7;UGT1A1;CYP1A1;CYP1B1;CYP2C19;CYP2C8;CYP2C9;UGT2B15;COMT;UGT1A10;UGT1A3;UGT1A4;UGT1A6;UGT1A7;UGT1A8;UGT1A9;UGT2B4;UGT2B7;CYP19A1;SHBG;ALB;FABP2;SLC22A2;SLC22A3;ABCC10;SLC22A11;ABCG2;SLCO1B1;ABCB1;SLC22A8;SLCO1B3;SLCO1C1","estradiol","estradiol"
"Tripelennamine","HRH1;CYP2D6;ALB","tripelennamine","tripelennamine"
"Fenoldopam","DRD5;DRD1;ADRA1B;ADRA1D;ADRA1A;ADRA2B;ADRA2C;ADRA2A","fenoldopam","fenoldopam"
"Pentoxifylline","ADORA2A;ADORA1;NT5E;CYP1A2","pentoxifylline","pentoxifylline"
"Phenylbutazone","PTGS1;PTGS2;PTGIS;CYP3A4;CYP2C9;SLC22A6;SLC22A8;SLC22A11","phenylbutazone","phenylbutazone"
"Meloxicam","PTGS2;PTGS1;PGD;CYP2C8;CYP2C9;CYP3A4;ALB;ABCC4","meloxicam","meloxicam"
"Trifluoperazine","DRD2;CALY;ADRA1A;CALM1;TNNC1;S100A4;XDH;UGT1A4;CYP1A2;ABCB1","trifluoperazine","trifluoperazine"
"Mifepristone","PGR;NR3C1;KLK3;NR1I2;CYP2D6;CYP2C8;CYP2C9;CYP3A4;CYP3A5;ABCB1;ABCC1;ABCB11;SLCO1B1;SLCO1B3","mifepristone","mifepristone"
"Loperamide","OPRM1;OPRD1;OPRK1;CALM1;POMC;CACNA1A;KCNH2;CYP3A4;CYP2C8;CYP2B6;CYP2D6;ABCB1","loperamide","loperamide"
"Tolazamide","ABCC8;KCNJ11;CYP2C9","tolazamide","tolazamide"
"Perphenazine","DRD2;DRD1;CALM1;CYP1A2;CYP2C18;CYP2C19;CYP2C8;CYP2C9;CYP3A4;CYP2D6;ALB","perphenazine","perphenazine"
"Temozolomide","ALB;ORM1;ABCB1;ABCG2","temozolomide","temozolomide"
"Prednisolone","NR3C1;CYP3A4;SERPINA6;ALB;SLCO1A2;ABCB1","prednisolone","prednisolone"
"Ranitidine","HRH2;ACHE;CYP3A4;CYP1A2;CYP2D6;SLC22A1;ABCB1;SLC22A8;SLC22A2","ranitidine","ranitidine"
"Tacrolimus","FKBP1A;CYP3A4;CYP3A5;ALB;ORM1;ABCB1;ABCA5;SLCO1B1","tacrolimus","tacrolimus"
"Benzonatate","SCN5A;BCHE","benzonatate","benzonatate"
"Flupentixol","DRD2;DRD1;HTR2A;ADRA1A;DRD3;DRD4;HTR2C;CHRM1;CES1;DDC;ABCB1","flupentixol","flupentixol"
"Sirolimus","MTOR;CYP3A4;CYP3A5;CYP3A7;ALB;ORM1;APOA1;APOA2;APOA4;APOB;APOC2;APOC3;APOD;APOE;APOL1;APOM;LPA;ABCB1;SLCO1B1;SLC47A1","sirolimus","sirolimus"
"Clomifene","ESR1;SHBG;CYP17A1;ABCB1","clomifene","clomifene"
"Oxybuprocaine","SCN10A;BCHE","oxybuprocaine","oxybuprocaine"
"Quinidine","SCN5A;KCNK1;KCNK6;KCNH2;ADRA1A;ADRA1B;ADRA1D;CYP3A4;CYP3A7;CYP2D6;CYP1A2;CYP2E1;CYP1A1;CYP2B6;CYP2C9;CYP2C8;ALB;ORM1;SLC22A2;SLC22A1;SLC22A5;ABCB1;SLCO1A2;SLC22A8;ABCC2;SLC22A4;SLCO1B1;ABCB11","quinidine","quinidine"
"Zonisamide","SCN1A;SCN2A;SCN3A;SCN4A;SCN5A;SCN9A;SCN11A;SCN1B;SCN2B;SCN3B;SCN4B;CACNA1G;CACNA1H;CACNA1I;CA1;CA2;CA3;CA4;CA5A;CA5B;CA6;CA7;CA8;CA9;CA10;CA11;CA12;CA13;CA14;MAOB;MAOA;GABRA1;GABRA2;GABRA3;GABRA5;GABRG1;GABRG2;GABRG3;CYP3A4;CYP3A5;CYP2C19;UGT1A1;AOX1;ABCB1","zonisamide","zonisamide"
"Amantadine","GRIN3A;DRD2;CHRNA7;CHRNA4;CHRNA3;DDC;MAOB;SLC22A2;SLC22A1","amantadine","amantadine"
"Dinoprostone","PTGER2;PTGER1;PTGER3;PTGER4;PTGDR2;SLC22A2;ABCC5;SLC22A6;SLC22A8;SLC22A11;SLC22A7;ABCC4;SLCO2B1;SLCO1A2;SLC51A;SLC51B;SLCO2A1;SLCO4A1;SLCO1C1;SLCO3A1;SLCO1B1","dinoprostone","dinoprostone"
"Phenoxybenzamine","ADRA1A;ADRA2A;ADRA2C;ADRA2B;CALM1;ADRB2;ADRA1B;ADRA1D;SLC22A2;SLC22A1;SLC22A3","phenoxybenzamine","phenoxybenzamine"
"Azacitidine","DNMT1;CDA","azacitidine","azacitidine"
"Mesoridazine","DRD2;HTR2A;CYP2D6","mesoridazine","mesoridazine"
"Oxymetazoline","ADRA1A;ADRA2A;ADRA2B;ADRA2C;ADRA1B;ADRA1D;HTR1A;HTR1B;HTR1D;UGT1A9;CYP2C19","oxymetazoline","oxymetazoline"
"Fulvestrant","ESR1;CYP3A4;UGT1A1","fulvestrant","fulvestrant"
"Felbamate","GRIN2B;GRIN2A;CYP2E1;CYP2C9;CYP2C19;CYP3A4","felbamate","felbamate"
"Rizatriptan","HTR1B;HTR1D;HTR1A;HTR1E;HTR1F;HTR7;MAOA;CYP2D6","rizatriptan","rizatriptan"
"Pindolol","ADRB1;ADRB2;ADRB3;HTR1A;HTR1B;UGT1A1;UGT1A10;UGT1A3;UGT1A4;UGT1A6;UGT1A7;UGT1A8;UGT1A9;UGT2B15;UGT2B4;UGT2B7;SULT2A1;SULT1A1;SULT1A2;SULT1A3;SULT1A4;SULT1C2;SULT1C3;SULT1C4;SULT4A1;SULT6B1;SULT1B1;CYP2D6;ORM1;ORM2;SLC22A2","pindolol","pindolol"
"Ezetimibe","NPC1L1;SOAT1;ANPEP;UGT1A3;UGT2B15;UGT2B7;CYP3A4;CYP2C8;UGT1A1;ABCB1;ABCC2;ABCC3;SLCO1B1;ABCG2;ABCB11","ezetimibe","ezetimibe"
"Isotretinoin","RARG;RARA;CYP3A4;ALB","isotretinoin","isotretinoin"
"Dopamine","DRD2;DRD1;DRD5;DRD3;DRD4;SLC6A3;DBH;HTR1A;HTR7;SLC6A2;SLC6A4;HTR3A;HTR3B;SOD1;SLC18A2;MAOA;MAOB;COMT;SLC22A2;SLC22A1;SLC22A3;SLC22A5;POU5F1","dopamine","dopamine"
"Exemestane","CYP19A1;CYP3A4","exemestane","exemestane"
"Oxaprozin","PTGS1;PTGS2","oxaprozin","oxaprozin"
"Ketoprofen","PTGS2;PTGS1;CXCR1;CYP2C9;CYP2C8;UGT1A1;ALB;ABCC4;SLCO1A2;SLC22A6;SLC22A8;SLC22A11;SLC22A7","ketoprofen","ketoprofen"
"Guanfacine","ADRA2A;ADRA2B;CYP2C19;CYP3A4;SLC47A1;SLC22A1;SLC22A2","guanfacine","guanfacine"
"Topotecan","TOP1;TOP1MT;ABCG2;ABCB1;SLC47A1;SLC47A2","topotecan","topotecan"
"Procainamide","KCNH2;SCN5A;DNMT1;CYP2D6;BCHE;SLC22A2;SLC22A1;SLC22A3;SLC22A5;SLC22A4;SLC47A1;SLC47A2","procainamide","procainamide"
"Fenofibrate","PPARA;NR1I2;MMP25;UGT1A9;CES1;CBR1;CYP2C8;CYP2C19;CYP2A6;AKR1C1;AKR1C2;AKR1C3;AKR1B1;CYP2C9;ALB;ABCB11","fenofibrate","fenofibrate"
"Thalidomide","CRBN;ORM1;ORM2;CYP1A1;CYP2B6;CYP2C9;CYP3A4;CYP2C19;CYP3A5;PTGS1;PTGS2","thalidomide","thalidomide"
"Rifampicin","NR1I2;CYP2A6;CYP2E1;CYP3A43;CYP3A7;UGT1A9;CYP3A5;CYP3A4;CYP1A2;CYP2C8;UGT1A1;CYP2C9;CYP2B6;CYP2C19;ALB;ORM1;ORM2;ABCB1;SLCO1B3;ABCC1;SLC22A7;SLCO1B1;ABCC3;ABCC5;SLCO2B1;SLCO1A2;ABCB11;ABCC2;SLC22A6;SLC22A8","rifampicin","rifampicin"
"Nitrendipine","CACNA1C;CACNA2D1;CACNB2;CACNA1D;CACNA1S;CACNA2D2;CACNA1H;CACNA1F;CACNB1;CACNB3;CACNB4;CACNA1A;KCNMA1;KCNMB1;KCNMB2;KCNMB3;KCNMB4;KCNN4;KCNN1;KCNN2;KCNN3;CYP3A4;CYP3A5;CYP3A7;ABCB1;ABCB11","nitrendipine","nitrendipine"
"Iloprost","PTGIR;PTGER1;PDE4A;PDE4B;PDE4C;PDE4D;PLAT;PTGDR2;SLCO2B1;SLCO2A1;SLCO3A1","iloprost","iloprost"
"Ouabain","ATP1A1;ATP1A2;ATP1A3;SLCO1A2;SLC22A8;SLCO4C1;SLCO1B3;SLCO1C1;SLCO1B1","ouabain","ouabain"
"Fluvastatin","HMGCR;HDAC2;CYP1A1;CYP3A4;CYP3A5;CYP2C8;CYP2C9;CYP2C19;CYP2D6;UGT1A1;UGT1A3;UGT2B7;CYP2B6;SLCO1B1;SLCO1B3;SLCO2B1;SLC15A1;ABCC2","fluvastatin","fluvastatin"
"Rosuvastatin","HMGCR;ITGAL;CYP2C9;ALB;ABCC4;SLCO1A2;SLCO1B1;SLCO1B3;SLCO2B1;SLC7A11;ABCB11;ABCG2;ABCC2;SLC22A8;SLC10A1","rosuvastatin","rosuvastatin"
"Pimozide","DRD2;DRD3;KCNH2;CALM1;CYP2D6;CYP3A4;CYP1A2;CYP3A5;CYP3A7;ABCB1","pimozide","pimozide"
"Sertraline","SLC6A4;SLC6A3;PGRMC1;SIGMAR1;SLC6A2;SLC29A4;CYP3A4;CYP2D6;CYP2C19;CYP2C9;CYP2B6;MAOB;MAOA;CYP2B;CYP2E1;ALB;ABCB1","sertraline","sertraline"
"Nifedipine","CACNA1C;CACNA1D;CACNB2;NR1I2;CALM1;CACNA1S;KCND3;CACNA1G;CACNA1H;CACNA1I;CYP3A4;CYP2D6;CYP1A2;CYP2A6;CYP2C8;CYP1A1;CYP2B6;CYP2E1;CYP2C9;CYP3A5;ALB;ORM1;ORM2;ABCC3;ABCB1;ABCC2;SLCO1B1;ABCB11","nifedipine","nifedipine"
"Amiodarone","KCNH2;KCNH6;KCNH7;ADRB1;ADRB2;ADRB3;CACNA1I;CACNA1C;CACNA1D;CACNA1F;CACNA1S;CACNB1;CACNB2;CACNB3;CACNB4;PPARG;PPARA;PPARGC1B;CYP3A4;CYP2C8;CYP2D6;CYP2C9;CYP1A2;CYP2C19;CYP1A1;CYP2A6;CYP2J2;ALB;ABCB1;ABCB11;SLC22A2","amiodarone","amiodarone"
"Econazole","NR1I2;CYP19A1;CYP2E1;CYP3A4","econazole","econazole"
"Bicalutamide","AR;CYP2C19;CYP2C9;CYP2D6;CYP3A4;ABCB1","bicalutamide","bicalutamide"
"Prednicarbate","NR3C1;CYP3A4","prednicarbate","prednicarbate"
"Doxepin","HRH1;HRH2;SLC6A2;SLC6A4;HTR2A;HTR2B;HTR2C;CHRM1;CHRM2;CHRM3;CHRM4;CHRM5;ADRA1A;ADRA1B;ADRA1D;HTR1A;HTR6;HRH4;KCNH2;CYP3A4;CYP2D6;CYP2C19;CYP2C9;CYP1A2;ALB;ORM1;ABCB1","doxepin","doxepin"
"Diclofenamide","CA2;CA1;CA4;CA7;CA3","diclofenamide","diclofenamide"
"Desipramine","SLC6A2;SLC6A4;HTR2A;ADRB2;ADRB1;SMPD1;HRH1;ADRA1A;ADRA1B;ADRA1D;CHRM1;CHRM2;CHRM3;CHRM4;CHRM5;HTR1A;HTR2C;DRD2;ADRA2A;ADRA2B;ADRA2C;CYP2D6;CYP1A2;CYP3A4;CYP2B6;CYP2E1;ORM1;ABCB1;SLC22A1;SLC22A3;SLC22A2;SLC22A5;SLC22A4","desipramine","desipramine"
"Bupropion","SLC6A3;SLC6A2;CHRNA3;HTR3A;CYP2C9;CYP2E1;CYP2B6;CYP2D6;ORM1;SLC22A2","bupropion","bupropion"
"Procarbazine","MAOA;MAOB;XDH","procarbazine","procarbazine"
"Orphenadrine","GRIN2D;GRIN1;GRIN3B;GRIN3A;HRH1;SLC6A2;SCN10A;CYP2B6;CYP3A4;CYP2E1;CYP1A2;CYP2D6;ALB","orphenadrine","orphenadrine"
"Naloxone","OPRM1;OPRD1;OPRK1;CREB1;ESR1;TLR4;CES1;CYP3A4;UGT1A1;CYP2C18;CYP2C19;ALB;SLCO1A2;ABCB1","naloxone","naloxone"
"Domperidone","DRD3;DRD2;CYP1A2;CYP2B6;CYP2C8;CYP2D6;CYP3A4;CYP3A5;CYP3A7;ABCB1","domperidone","domperidone"
"Tubocurarine","CHRNA2;HTR3A;ACHE;CHRNA7;BCHE;SLC22A1;SLC22A2","tubocurarine","tubocurarine"
"Bromocriptine","DRD2;DRD3;HTR1D;ADRA2A;HTR1A;ADRA2C;ADRA2B;HTR2B;DRD4;HTR2A;HTR1B;HTR2C;DRD5;DRD1;ADRA1A;ADRA1B;ADRA1D;HTR7;CYP3A4;ABCB1","bromocriptine","bromocriptine"
"Mitoxantrone","TOP2A;CYP1B1;CYP3A4;CYP2E1;ABCB1;ABCC1;ABCG2","mitoxantrone","mitoxantrone"
"Finasteride","SRD5A2;SRD5A1;AKR1D1;CYP3A4;CYP3A5;CYP3A7;Slc12a5","finasteride","finasteride"
"Dantrolene","RYR1;SERPINA7","dantrolene","dantrolene"
"Budesonide","NR3C1;ANXA1;CYP3A5;CYP3A4;CYP3A43;CYP3A7;CYP2A6;CYP1B1;CYP2B6;CYP2C8;CYP2C9;CYP2C19;SERPINA6;ALB;ABCB11;ABCB1;SLCO1A2;SLC22A8","budesonide","budesonide"
"Quetiapine","HTR2A;DRD2;HTR1A;HTR1B;HTR1D;HTR1E;HTR2C;HTR3A;HTR6;HTR7;DRD1;DRD5;DRD3;DRD4;HRH1;ADRA1A;ADRA1B;ADRA1D;ADRA2A;ADRA2B;ADRA2C;CHRM1;CHRM2;CHRM3;CHRM4;CHRM5;CYP2C19;CYP2D6;CYP3A7;CYP3A4;CYP3A5;ABCB1","quetiapine","quetiapine"
"Paclitaxel","TUBB1;BCL2;MAP4;MAP2;MAPT;NR1I2;CYP3A4;CYP3A5;CYP3A7;CYP19A1;CYP1B1;CYP2C8;ABCB11;ABCB1;ABCC1;ABCC10;SLCO1B3;ABCC2","paclitaxel","paclitaxel"
"Dexamethasone","NR3C1;NR0B1;ANXA1;NOS2;NR1I2;HSD11B2;CYP3A4;HSD11B1;CYP3A5;CYP3A7;CYP17A1;CYP1A1;CYP2A6;CYP2B6;CYP2C19;CYP2C8;CYP2E1;CYP3A43;CYP4A11;CYP11B1;ALB;ABCB1;SLC22A8;ABCB11;ABCC2;ABCG2;SLCO1A2","dexamethasone","dexamethasone"
"Chlorprothixene","DRD2;DRD1;DRD3;HTR2A;HRH1;HTR1A;HTR1B;HTR1D;HTR1E;HTR1F;HTR2B;HTR2C;HTR3A;HTR3B;HTR3C;HTR3D;HTR3E;HTR4;HTR6;HTR7;CHRM1;CHRM2;CHRM3;CHRM4;CHRM5;ABCB1","chlorprothixene","chlorprothixene"
"Clomipramine","SLC6A4;HTR2A;HTR2B;HTR2C;SLC6A2;GSTP1;CYP2D6;CYP2C19;CYP1A2;CYP3A4;ALB;ABCB1","clomipramine","clomipramine"
"Chloroxine","OPRK1","chloroxine","chloroxine"
"Docetaxel","TUBB1;MAP2;MAP4;MAPT;BCL2;NR1I2;CYP3A4;CYP3A5;CYP3A7;CYP1B1;ABCB1;ABCC10;SLCO1B3;SLC22A7;ABCG2;ABCC2;ABCC1","docetaxel","docetaxel"
"Ergometrine","ADRA1A;CYP3A4;ABCB1","ergometrine","ergometrine"
"Dasatinib","ABL1;SRC;EPHA2;LCK;YES1;KIT;PDGFRB;STAT5B;ABL2;FYN;BTK;NR4A3;BCR;CSK;EPHA5;EPHB4;FGR;FRK;HSPA8;LYN;ZAK;MAPK14;PPAT;CYP1A1;CYP1A2;CYP1B1;CYP3A5;FMO3;CYP3A4;ABCB1;ABCG2","dasatinib","dasatinib"
"Lapatinib","EGFR;ERBB2;CYP3A4;CYP3A5;CYP2C8;CYP2C19;ABCB1;TAP1","lapatinib","lapatinib"
"Decitabine","DNMT1;DNMT3A;DNMT3B;HDAC1;HDAC10;HDAC11;HDAC2;HDAC3;HDAC4;HDAC5;HDAC6;HDAC7;HDAC8;HDAC9;CMPK1;NME1;NME2;DCK;CDA;SLC28A1","decitabine","decitabine"
"Sunitinib","PDGFRB;FLT1;KIT;KDR;FLT4;FLT3;CSF1R;PDGFRA;MET;CYP3A4;CYP3A5;CYP3A7;ABCC4;ABCB1;ABCC2;ABCG2","sunitinib","sunitinib"
"Varenicline","CHRNA4;CHRNA7;CHRNA3;CHRNA6;CHRNB2;SLC22A2","varenicline","varenicline"
"Carbetocin","OXTR","carbetocin","carbetocin"
"Practolol","ADRB1;CYP2D6","practolol","practolol"
"Vecuronium","CHRNA2;ABCB1","vecuronium","vecuronium"
"Ephedrine","ADRA1A;ADRB1;ADRB2;SLC6A2;BCHE;ACHE;ALB;SLC18A2","ephedrine","ephedrine"
"Yohimbine","ADRA2A;ADRA2B;ADRA2C;HTR1A;HTR1B;HTR1D;DRD2;DRD3;HTR2A;HTR2C;KCNJ1;KCNJ10;KCNJ11;KCNJ12;KCNJ14;KCNJ15;KCNJ8;HTR2B;CYP2D6;CYP3A4","yohimbine","yohimbine"
"Bezafibrate","PPARD;PPARG;PPARA;NR1I2;RXRA;RXRB;RXRG;CYP1A1;CYP2C8;CYP3A4;SLCO1B1","bezafibrate","bezafibrate"
"Digitoxin","ATP1A1;CYP11A1;CYP3A4;ALB;SLCO1A2;SLCO4C1;ABCB1","digitoxin","digitoxin"
"Danazol","ESR1;AR;PGR;GNRHR;GNRHR2;CCL2;CYP3A4;CYP19A1;SHBG","danazol","danazol"
"Oxybenzone","PGR;AR;ESR1;ESR2","oxybenzone","oxybenzone"
"Everolimus","MTOR;CYP2D6;CYP3A4;SLCO1B1;SLCO1B3;SLCO1A2;ABCB1","everolimus","everolimus"
"Probucol","ABCA1;CES1","probucol","probucol"
"Pheniramine","HRH4;HRH1;NR1I3","pheniramine","pheniramine"
"Thiothixene","DRD2;DRD1;HTR2A;CYP2D6;CYP1A2;ALB;SLC22A1","thiothixene","thiothixene"
"Zuclopenthixol","DRD1;DRD5;DRD2;ADRA1A;ADRA2A;HTR2A;HRH1;CYP3A4;CYP2D6","zuclopenthixol","zuclopenthixol"
"Rutin","CBR1;AKR1C3;CYP3A4","rutin","rutin"
"Vorinostat","HDAC1;HDAC2;HDAC3;HDAC6;HDAC8;HDAC10;HDAC11;HDAC4;HDAC5;HDAC7;HDAC9","vorinostat","vorinostat"
"Nicotinamide","BST1;SIRT5;LDHA;PARP1;CYP2D6;CYP2E1;CYP3A4","nicotinamide","nicotinamide"
"Pregnenolone","NR1I2;SULT2B1;CYP3A4;SLC10A6","pregnenolone","pregnenolone"
"Oxyphenbutazone","PLA2G2E;ALB;SLC22A6","oxyphenbutazone","oxyphenbutazone"
"Doconexent","PPARA;PPARG;RXRA;RXRB;RXRG;SREBF1;MYC;CYP2C9","doconexent","doconexent"
"Estriol","ESR1;ESR2;SHBG;SLCO1A2;ABCB1","estriol","estriol"
"Bithionol","ESR1;CAPN2;ESR2;MCL1","bithionol","bithionol"
"Flunarizine","CACNA1G;CACNA1H;CACNA1I;CALM1;HRH1;CYP3A4;CYP2D6;CYP2C9;CYP1A1;CYP1A2;CYP2A6","flunarizine","flunarizine"
"Fluspirilene","DRD2;HTR2A;CACNG1;CYP3A4","fluspirilene","fluspirilene"
"Tetrabenazine","SLC18A2;DRD2;CBR1;CYP2D6","tetrabenazine","tetrabenazine"
"Febuxostat","XDH;UGT1A1;UGT1A3;UGT1A9;UGT2B7;CYP1A2;CYP2C8;CYP2C9;ALB;ABCG2","febuxostat","febuxostat"
"Iloperidone","HTR2A;DRD2;DRD1;DRD3;DRD4;HTR1A;HTR6;HTR7;ADRA1A;HRH1;ADRA2C;CYP3A4;CYP3A5;CYP3A7;CYP2E1;CYP2D6","iloperidone","iloperidone"
"Pirfenidone","CYP1A2;CYP2C9;CYP2C19;CYP2D6;CYP2E1;CYP3A4;ALB;ABCB1","pirfenidone","pirfenidone"
"Belinostat","HDAC1;HDAC10;HDAC11;HDAC2;HDAC3;HDAC4;HDAC5;HDAC6;HDAC7;HDAC8;HDAC9;UGT1A1;CYP2C8;CYP2C9;CYP1A2;CYP3A4;ABCB1","belinostat","belinostat"
"Vandetanib","VEGFA;EGFR;PTK6;TEK;RET;FMO1;FMO3;CYP3A4;ORM1;ALB;ABCC1;ABCG2;SLC22A2;ABCB1","vandetanib","vandetanib"
"Rimonabant","CNR1;GPR55;CYP3A4","rimonabant","rimonabant"
"Rivaroxaban","F10;CYP2J2;CYP3A5;CYP3A4;ABCB1;ABCG2","rivaroxaban","rivaroxaban"
"Pazopanib","FLT1;KDR;FLT4;PDGFRA;PDGFRB;KIT;FGFR3;ITK;FGF1;SH2B3;CYP2D6;CYP2C8;CYP1A2;CYP3A4;ABCB1;ABCG2;SLCO1B1;UGT1A1","pazopanib","pazopanib"
"Midostaurin","PRKCA;KDR;PDGFRA;PDGFRB;FLT3;KIT;CYP3A4;CYP3A43;CYP3A5;CYP3A7;CYP1A2;CYP2B6;CYP2C8;CYP2C9;CYP2C19;CYP2D6;CYP2E1","midostaurin","midostaurin"
"Panobinostat","HDAC1;HDAC10;HDAC11;HDAC2;HDAC3;HDAC4;HDAC5;HDAC6;HDAC7;HDAC8;HDAC9;CYP3A4;CYP2D6;ABCB1","panobinostat","panobinostat"
"Bosutinib","ABL1;LYN;SRC;MAP2K1;MAP2K2;MAP3K2;CAMK2G;FGR;HCK;TEC;SLK;CYP3A4;CYP2C8;ABCB1","bosutinib","bosutinib"
"Axitinib","FLT1;KDR;FLT4;CYP3A4;CYP3A5;CYP1A2;CYP2C19;UGT1A1;ABCB1;SLCO1B1","axitinib","axitinib"
"Safinamide","MAOB;MAOA;CYP3A4;CYP1A1;CYP1A2;CYP2D6;CYP2C19;CYP3A5;ABCG2;SLCO3A1","safinamide","safinamide"
"Betahistine","HRH1;HRH3;MAOA;MAOB","betahistine","betahistine"
"Iobenguane","SLC6A2","iobenguane","iobenguane"
"Ambroxol","CYP3A4","ambroxol","ambroxol"
"Capsaicin","TRPV1;PHB2;CYP3A4;PTGS2;MPO;CYP1A2;CYP2E1;MAOA;DBH;GLUL;BCHE","capsaicin","capsaicin"
"Halcinonide","SMO;CYP3A4","halcinonide","halcinonide"
"Niclosamide","CYP2C9;CYP1A2","niclosamide","niclosamide"
"Nonoxynol-9","PTGS2","nonoxynol-9","nonoxynol.9"
"Raltegravir","UGT1A1","raltegravir","raltegravir"
"Sulconazole","CYP1A2;CYP2C9;CYP2D6","sulconazole","sulconazole"
"Triclosan","NR1I2;AR;NR1I3;PPARG;TPO","triclosan","triclosan"
"Crizotinib","ALK;MET;ROS1;MST1R;CYP3A4;CYP3A5;CYP2B6;CYP3A43;CYP3A7;ALB;ORM1;ORM2;ABCB1","crizotinib","crizotinib"
"Cabozantinib","MET;KDR;RET;CYP3A4;CYP2C9;CYP2C8","cabozantinib","cabozantinib"
"Ruxolitinib","JAK2;JAK1;JAK3;TYK2;CYP3A4;CYP2C9;ALB","ruxolitinib","ruxolitinib"
"Vemurafenib","BRAF;CYP1A2;CYP2D6;CYP3A4;CYP2C9;CYP2C8;CYP2B6;ALB;ORM1;ABCC1;ABCG2;ABCB1","vemurafenib","vemurafenib"
"Regorafenib","FLT1;KDR;FLT4;KIT;PDGFRA;PDGFRB;FGFR1;FGFR2;TEK;DDR2;NTRK1;EPHA2;RAF1;BRAF;MAPK11;FRK;ABL1;RET;CYP3A4;UGT1A9;CYP2C8;CYP2C9;CYP2B6;UGT1A1;CYP2C19;ABCB1;ABCG2","regorafenib","regorafenib"
"Dabrafenib","BRAF;RAF1;SIK1;NEK11;LIMK1;CYP3A4;CYP2C8;CYP2B6;CYP2C9;CYP2C19;CYP1A2;UGT1A1;ALB;ABCB1;ABCG2;SLCO1B1;SLCO1B3;SLCO1A2;SLC22A6;SLC22A8;SLC22A2","dabrafenib","dabrafenib"
"Bromhexine","TMPRSS2;ACE2","bromhexine","bromhexine"
"Aliskiren","REN;CYP3A4;ABCB1","aliskiren","aliskiren"
"Ibrutinib","BTK;CYP3A4;CYP3A5;CYP2D6;ALB;ORM1;ORM2","ibrutinib","ibrutinib"
"Idelalisib","PIK3CD;AOX1;CYP2C8;CYP2C19;CYP2B6;CYP3A4;CYP3A5;CYP3A43;CYP3A7;UGT1A4;ABCG2;ABCB1;SLCO1B1;SLCO1B3","idelalisib","idelalisib"
"Palbociclib","CDK4;CDK6;CYP3A4;SULT2A1;ALB;ABCB1;ABCG2;SLC22A1","palbociclib","palbociclib"
"Olaparib","PARP1;PARP2;PARP3;AKR1C3;CYP3A4;CYP3A5;CYP2B6;UGT1A1;ALB;ORM1;ABCB1;ABCG2","olaparib","olaparib"
"Somatostatin","SSTR1;SSTR2;SSTR3;SSTR4;SSTR5;CYP3A4;ABCB1","somatostatin","somatostatin"
"Resorcinol","TPO","resorcinol","resorcinol"
"Alectinib","ALK;ABCG2;ABCB1","alectinib","alectinib"
"Curcumin","PPARG;VDR;ABCC5;CBR1;GSTP1;CYP2C9;CYP3A4;CYP2B6;CYP1A2;CYP2D6;GSTA1;GSTM1;ABCB1","curcumin","curcumin"
"Rucaparib","PARP1;PARP2;PARP3;CYP2D6;CYP1A2;CYP3A4;CYP3A5;CYP3A7;CYP3A43;CYP2C19;CYP2C9;CYP2C8;UGT1A1;ABCB1;ABCG2;SLC47A1;SLC47A2;SLC22A1;SLCO1B1;SLCO1B3;SLC22A6;SLC22A8;ABCC4","rucaparib","rucaparib"
"Parthenolide","REL;RELB;IKBKB;NFKB1;NFKB2;RELA","parthenolide","parthenolide"
"Esculin","AR;GLS","esculin","esculin"
"Metergoline","SCN2A","metergoline","metergoline"
"Fluticasone","NR3C1;PGR;PLA2G4A;NR3C2;CYP3A4;CYP3A5;CYP3A7;CYP2C8;SERPINA6;ABCB1;SLCO1B1","fluticasone","fluticasone"
"Lypressin","AVPR1A;AVPR2;AVPR1B;ABCC2","lypressin","lypressin"
